,X_timestamp,X_version,X_id,X_index,X_score,X_type,beat_hostname,beat_version,enrichment_branch_name,metricset_module,metricset_name,metricset_rtt,actual_free,actual_used_bytes,actual_used_pct,free,swap_free,swap_total,swap_used_bytes,swap_used_pct,total,used_bytes,used_pct
17058,"December 18th 2018, 13:04:07.419",1,FYUBwmcBbOSZnM2xNtTK,metricbeat-000209,NA,doc,1,6.2.4,1,system,memory,,13.326,2.565,0.1614,13.326,14.312,16.891,2.579,0.1527,15.891,2.565,0.1614
17080,"December 18th 2018, 13:03:33.445",1,UY0BwmcB6ZGVNHRkIWIP,metricbeat-000209,NA,doc,2,6.2.4,1,system,memory,,12.098,3.793,0.2387,12.098,12.937,16.891,3.954,0.2341,15.891,3.793,0.2387
17057,"December 18th 2018, 13:04:08.740",1,50sBwmcBAOA7YPJGeyuI,metricbeat-000209,NA,doc,3,6.2.4,1,system,memory,,13.304,2.587,0.1628,13.304,14.349,16.891,2.542,0.1505,15.891,2.587,0.1628
17145,"December 18th 2018, 13:01:28.250",1,cowAwmcB6ZGVNHRkvLOa,metricbeat-000209,NA,doc,4,6.2.4,1,system,memory,,12.821,3.07,0.1932,12.821,15.689,18.766,3.077,0.164,15.891,3.07,0.1932
17098,"December 18th 2018, 13:03:10.206",1,4lkfwmcBAOA7YPJGHtR0,metricbeat-000209,NA,doc,5,6.2.4,1,system,memory,,12.052,3.839,0.2416,12.052,12.767,16.891,4.124,0.2442,15.891,3.839,0.2416
17049,"December 18th 2018, 13:04:38.699",1,6oUBwmcBbOSZnM2xRPvP,metricbeat-000209,NA,doc,6,6.2.4,1,system,memory,,13.525,2.366,0.1489,13.525,14.552,16.891,2.339,0.1385,15.891,2.366,0.1489
17063,"December 18th 2018, 13:04:01.028",1,YR0kwmcBdDbnrhqkc3C8,metricbeat-000209,NA,doc,7,6.2.4,1,system,memory,175,13.191,2.7,0.1699,13.191,14.305,16.891,2.586,0.1531,15.891,2.7,0.1699
17069,"December 18th 2018, 13:03:49.409",1,t4oBwmcBX8H-MD0_cZZX,metricbeat-000209,NA,doc,8,6.2.4,1,system,memory,,13.42,2.471,0.1555,13.42,14.462,16.891,2.43,0.1438,15.891,2.471,0.1555
17107,"December 18th 2018, 13:02:46.925",1,p-cBwmcBxOZ1qs_pSG_f,metricbeat-000209,NA,doc,12,6.2.4,2,system,memory,,12.757,3.134,0.1972,12.757,13.673,16.891,3.218,0.1905,15.891,3.134,0.1972
17140,"December 18th 2018, 13:01:38.981",1,SusAwmcBrehMbwjYwryu,metricbeat-000209,NA,doc,14,6.2.4,2,system,memory,,13.314,2.578,0.1622,13.314,14.336,16.891,2.555,0.1513,15.891,2.578,0.1622
17125,"December 18th 2018, 13:02:08.052",1,nfgTwmcBn_oGi6rs7ad8,metricbeat-000209,NA,doc,20,6.2.4,2,system,memory,,13.443,2.448,0.154,13.443,14.497,16.891,2.394,0.1417,15.891,2.448,0.154
17110,"December 18th 2018, 13:02:41.387",1,bxwUwmcBdDbnrhqkJD00,metricbeat-000209,NA,doc,21,6.2.4,2,system,memory,131,13.246,2.645,0.1664,13.246,14.366,16.891,2.525,0.1495,15.891,2.645,0.1664
17146,"December 18th 2018, 13:01:27.960",1,N-cBwmcBxOZ1qs_pHglj,metricbeat-000209,NA,doc,22,6.2.4,2,system,memory,,13.214,2.677,0.1684,13.214,14.299,16.891,2.592,0.1535,15.891,2.677,0.1684
17143,"December 18th 2018, 13:01:34.429",1,iyETwmcBN4R-DFd1yWXv,metricbeat-000209,NA,doc,23,6.2.4,2,system,memory,159,13.353,2.538,0.1597,13.353,14.414,16.891,2.477,0.1466,15.891,2.538,0.1597
17061,"December 18th 2018, 13:04:02.256",1,z_wkwmcBrehMbwjYdLYZ,metricbeat-000209,NA,doc,24,6.2.4,2,system,memory,,13.278,2.613,0.1645,13.278,14.337,16.891,2.554,0.1512,15.891,2.613,0.1645
17056,"December 18th 2018, 13:04:11.384",1,QpYkwmcBbOSZnM2xixd2,metricbeat-000209,NA,doc,25,6.2.4,3,system,memory,146,12.999,2.892,0.182,12.999,15.76,18.766,3.006,0.1602,15.891,2.892,0.182
17109,"December 18th 2018, 13:02:41.643",1,DvsUwmcBrehMbwjYJIJL,metricbeat-000209,NA,doc,26,6.2.4,3,system,memory,,12.663,3.228,0.2031,12.663,13.658,16.891,3.233,0.1914,15.891,3.228,0.2031
17102,"December 18th 2018, 13:02:53.370",1,i-wBwmcBrehMbwjYS9OP,metricbeat-000209,NA,doc,27,6.2.4,3,system,memory,,13.266,2.625,0.1652,13.266,14.325,16.891,2.566,0.1519,15.891,2.625,0.1652
17153,"December 18th 2018, 13:01:25.304",1,hokBwmcBX8H-MD0_HMR-,metricbeat-000209,NA,doc,28,6.2.4,3,system,memory,,12.314,3.577,0.2251,12.314,12.977,16.891,3.914,0.2317,15.891,3.577,0.2251
17105,"December 18th 2018, 13:02:51.632",1,OecBwmcBxOZ1qs_pSnnk,metricbeat-000209,NA,doc,29,6.2.4,3,system,memory,144,12.833,3.058,0.1925,12.833,13.879,16.891,3.012,0.1783,15.891,3.058,0.1925
17180,"December 18th 2018, 13:00:24.890",1,IBsTwmcBdDbnrhqkmHE6,metricbeat-000209,NA,doc,30,6.2.4,3,system,memory,,12.471,3.42,0.2152,12.471,13.538,16.891,3.354,0.1985,15.891,3.42,0.2152
17106,"December 18th 2018, 13:02:47.201",1,oiEUwmcBN4R-DFd1KtoC,metricbeat-000209,NA,doc,31,6.2.4,3,system,memory,,12.674,3.217,0.2024,12.674,13.736,16.891,3.155,0.1868,15.891,3.217,0.2024
17121,"December 18th 2018, 13:02:14.380",1,FIUAwmcBbOSZnM2x1iMq,metricbeat-000209,NA,doc,32,6.2.4,4,system,memory,,13.668,2.223,0.1399,13.668,14.661,16.891,2.23,0.132,15.891,2.223,0.1399
17067,"December 18th 2018, 13:03:51.235",1,txIBwmcBN4R-DFd1LrY4,metricbeat-000209,NA,doc,33,6.2.4,4,system,memory,,13.567,2.324,0.1462,13.567,16.417,18.766,2.349,0.1252,15.891,2.324,0.1462
17082,"December 18th 2018, 13:03:31.209",1,mIUBwmcBbOSZnM2xHpRZ,metricbeat-000209,NA,doc,34,6.2.4,4,system,memory,88,13.143,2.748,0.1729,13.143,14.068,16.891,2.823,0.1671,15.891,2.748,0.1729
17170,"December 18th 2018, 13:00:51.361",1,FusAwmcBrehMbwjYqndQ,metricbeat-000209,NA,doc,35,6.2.4,4,system,memory,173,13.392,2.499,0.1572,13.392,14.478,16.891,2.413,0.1428,15.891,2.499,0.1572
17181,"December 18th 2018, 13:00:24.637",1,QBsTwmcBdDbnrhqkmHE6,metricbeat-000209,NA,doc,36,6.2.4,4,system,memory,,13.349,2.542,0.16,13.349,14.41,16.891,2.481,0.1469,15.891,2.542,0.16
17185,"December 18th 2018, 13:00:21.055",1,EvgTwmcBn_oGi6rslgfX,metricbeat-000209,NA,doc,37,6.2.4,4,system,memory,,13.671,2.22,0.1397,13.671,14.724,16.891,2.167,0.1283,15.891,2.22,0.1397
17178,"December 18th 2018, 13:00:30.377",1,bZQTwmcBbOSZnM2xmwu_,metricbeat-000209,NA,doc,38,6.2.4,4,system,memory,,13.509,2.382,0.1499,13.509,14.587,16.891,2.304,0.1364,15.891,2.382,0.1499
11849,"December 18th 2018, 15:49:02.897",1,dUdBwmcBN4R-DFd1wmRR,metricbeat-000209,NA,doc,39,6.2.4,4,system,memory,,13.483,2.408,0.1516,13.483,14.822,16.891,2.069,0.1225,15.891,2.408,0.1516
17141,"December 18th 2018, 13:01:38.194",1,a1MAwmcBuqt-6aA3weul,metricbeat-000209,NA,doc,40,6.2.4,4,system,memory,,13.518,2.373,0.1493,13.518,14.55,16.891,2.341,0.1386,15.891,2.373,0.1493
17183,"December 18th 2018, 13:00:21.958",1,afoTwmcBrehMbwjYl62p,metricbeat-000209,NA,doc,41,6.2.4,5,system,memory,157,11.104,4.788,0.3013,11.104,12.6,18.766,6.166,0.3286,15.891,4.788,0.3013
17164,"December 18th 2018, 13:00:58.746",1,xRIAwmcBN4R-DFd18mmX,metricbeat-000209,NA,doc,42,6.2.4,5,system,memory,118,12.788,3.103,0.1953,12.788,13.736,16.891,3.155,0.1868,15.891,3.103,0.1953
17045,"December 18th 2018, 13:04:47.468",1,jP0lwmcBrehMbwjYEwzY,metricbeat-000209,NA,doc,43,6.2.4,5,system,memory,,12.255,3.636,0.2288,12.255,13.178,16.891,3.713,0.2198,15.891,3.636,0.2288
17190,"December 18th 2018, 13:00:12.204",1,FwwAwmcBdDbnrhqk4LM8,metricbeat-000209,NA,doc,44,6.2.4,5,system,memory,,13.375,2.516,0.1583,13.375,14.453,16.891,2.438,0.1443,15.891,2.516,0.1583
17168,"December 18th 2018, 13:00:53.962",1,F-YAwmcBxOZ1qs_pqyNe,metricbeat-000209,NA,doc,45,6.2.4,5,system,memory,,13.404,2.487,0.1565,13.404,14.443,16.891,2.448,0.1449,15.891,2.487,0.1565
17171,"December 18th 2018, 13:00:48.558",1,pFMAwmcBuqt-6aA3p6vX,metricbeat-000209,NA,doc,46,6.2.4,5,system,memory,140,13.396,2.495,0.157,13.396,14.471,16.891,2.42,0.1433,15.891,2.495,0.157
17052,"December 18th 2018, 13:04:23.129",1,B4oBwmcBX8H-MD0_s8j5,metricbeat-000209,NA,doc,47,6.2.4,5,system,memory,,13.504,2.387,0.1502,13.504,14.535,16.891,2.356,0.1395,15.891,2.387,0.1502
17123,"December 18th 2018, 13:02:13.518",1,KpQTwmcBbOSZnM2x8Khj,metricbeat-000209,NA,doc,48,6.2.4,6,system,memory,166,13.488,2.403,0.1512,13.488,14.429,16.891,2.462,0.1458,15.891,2.403,0.1512
17191,"December 18th 2018, 13:00:10.123",1,#NAME?,metricbeat-000209,NA,doc,49,6.2.4,6,system,memory,,13.377,2.514,0.1582,13.377,14.316,16.891,2.575,0.1524,15.891,2.514,0.1582
17104,"December 18th 2018, 13:02:51.864",1,zxwUwmcBdDbnrhqkLU-v,metricbeat-000209,NA,doc,50,6.2.4,6,system,memory,,13.378,2.513,0.1582,13.378,14.371,16.891,2.52,0.1492,15.891,2.513,0.1582
17117,"December 18th 2018, 13:02:27.510",1,6lQBwmcBuqt-6aA3PeTM,metricbeat-000209,NA,doc,51,6.2.4,6,system,memory,,13.031,2.86,0.18,13.031,14.102,16.891,2.789,0.1651,15.891,2.86,0.18
17054,"December 18th 2018, 13:04:21.354",1,Ru0BwmcBrehMbwjYs2R5,metricbeat-000209,NA,doc,52,6.2.4,6,system,memory,,13.524,2.367,0.1489,13.524,14.546,16.891,2.345,0.1388,15.891,2.367,0.1489
17115,"December 18th 2018, 13:02:37.084",1,VokAwmcBX8H-MD0_5HV8,metricbeat-000209,NA,doc,53,6.2.4,6,system,memory,,13.436,2.455,0.1545,13.436,14.506,16.891,2.385,0.1412,15.891,2.455,0.1545
17090,"December 18th 2018, 13:03:19.876",1,3fYgwmcBxOZ1qs_pB7Wm,metricbeat-000209,NA,doc,54,6.2.4,6,system,memory,,13.376,2.515,0.1583,13.376,14.428,16.891,2.463,0.1458,15.891,2.515,0.1583
17073,"December 18th 2018, 13:03:43.291",1,3fkjwmcBn_oGi6rsUOXo,metricbeat-000209,NA,doc,55,6.2.4,6,system,memory,,13.513,2.378,0.1496,13.513,14.565,16.891,2.326,0.1377,15.891,2.378,0.1496
17118,"December 18th 2018, 13:02:25.094",1,rJQTwmcBbOSZnM2x_7yT,metricbeat-000209,NA,doc,60,6.2.4,7,system,memory,,11.936,3.955,0.2489,11.936,12.891,16.891,4,0.2368,15.891,3.955,0.2489
17100,"December 18th 2018, 13:02:56.151",1,uEoBwmcBAOA7YPJGTMDN,metricbeat-000209,NA,doc,61,6.2.4,7,system,memory,,12.854,3.037,0.1911,12.854,13.863,16.891,3.028,0.1792,15.891,3.037,0.1911
15167,"December 18th 2018, 14:04:23.604",1,7mAowmcBAOA7YPJG0Yal,metricbeat-000209,NA,doc,62,6.2.4,7,system,memory,,11.363,4.528,0.2849,11.363,11.115,16.891,5.776,0.342,15.891,4.528,0.2849
17176,"December 18th 2018, 13:00:34.375",1,qJcTwmcBX8H-MD0_nfE9,metricbeat-000209,NA,doc,68,6.2.4,7,system,memory,,13.391,2.5,0.1573,13.391,14.428,16.891,2.463,0.1458,15.891,2.5,0.1573
17086,"December 18th 2018, 13:03:24.777",1,Q1ogwmcBAOA7YPJGzATr,metricbeat-000209,NA,doc,69,6.2.4,7,system,memory,209,13.549,2.342,0.1474,13.549,14.573,16.891,2.318,0.1372,15.891,2.342,0.1474
17095,"December 18th 2018, 13:03:11.990",1,OJUfwmcBbOSZnM2xJmed,metricbeat-000209,NA,doc,70,6.2.4,7,system,memory,,12.872,3.019,0.19,12.872,15.731,18.766,3.035,0.1617,15.891,3.019,0.19
17077,"December 18th 2018, 13:03:35.971",1,tJ0hwmcB6ZGVNHRkIz_d,metricbeat-000209,NA,doc,71,6.2.4,7,system,memory,,11.966,3.925,0.247,11.966,13.024,16.891,3.867,0.229,15.891,3.925,0.247
17134,"December 18th 2018, 13:01:54.279",1,sBIAwmcBN4R-DFd1xgI6,metricbeat-000209,NA,doc,188,6.2.4,7,system,memory,,13.572,2.319,0.1459,13.572,14.527,16.891,2.364,0.1399,15.891,2.319,0.1459
17043,"December 18th 2018, 13:04:51.075",1,kh0lwmcBdDbnrhqkF9HN,metricbeat-000209,NA,doc,72,6.2.4,8,system,memory,121,13.292,2.599,0.1636,13.292,14.279,16.891,2.612,0.1546,15.891,2.599,0.1636
17179,"December 18th 2018, 13:00:29.286",1,2egAwmcBn_oGi6rsneIS,metricbeat-000209,NA,doc,74,6.2.4,8,system,memory,137,12.654,3.237,0.2037,12.654,13.393,16.891,3.498,0.2071,15.891,3.237,0.2037
17068,"December 18th 2018, 13:03:50.358",1,Dg0BwmcBdDbnrhqkcdzm,metricbeat-000209,NA,doc,75,6.2.4,8,system,memory,,13.37,2.521,0.1586,13.37,14.468,16.891,2.423,0.1434,15.891,2.521,0.1586
17163,"December 18th 2018, 13:01:04.717",1,ivgTwmcBn_oGi6rsqz4e,metricbeat-000209,NA,doc,76,6.2.4,8,system,memory,,11.047,4.844,0.3048,11.047,12.058,16.891,4.833,0.2861,15.891,4.844,0.3048
17150,"December 18th 2018, 13:01:25.988",1,B-cBwmcBxOZ1qs_pHAaw,metricbeat-000209,NA,doc,77,6.2.4,8,system,memory,,12.596,3.295,0.2073,12.596,13.668,16.891,3.223,0.1908,15.891,3.295,0.2073
17092,"December 18th 2018, 13:03:14.295",1,#NAME?,metricbeat-000209,NA,doc,78,6.2.4,8,system,memory,,13.39,2.501,0.1574,13.39,14.473,16.891,2.418,0.1432,15.891,2.501,0.1574
17136,"December 18th 2018, 13:01:53.253",1,eukAwmcBn_oGi6rsxksI,metricbeat-000209,NA,doc,79,6.2.4,9,system,memory,,12.745,3.146,0.1979,12.745,13.7,16.891,3.191,0.1889,15.891,3.146,0.1979
17167,"December 18th 2018, 13:00:54.608",1,6YQAwmcBbOSZnM2xrLkD,metricbeat-000209,NA,doc,80,6.2.4,9,system,memory,,10.854,5.037,0.3169,10.854,10.544,16.891,6.347,0.3758,15.891,5.037,0.3169
17173,"December 18th 2018, 13:00:46.923",1,JuYAwmcBxOZ1qs_p7tEd,metricbeat-000209,NA,doc,82,6.2.4,9,system,memory,157,13.496,2.395,0.1507,13.496,16.423,18.766,2.343,0.1249,15.891,2.395,0.1507
17059,"December 18th 2018, 13:04:05.659",1,n44BwmcB6ZGVNHRkeEHp,metricbeat-000209,NA,doc,83,6.2.4,9,system,memory,175,13.033,2.858,0.1799,13.033,14.186,16.891,2.705,0.1601,15.891,2.858,0.1799
17101,"December 18th 2018, 13:02:55.053",1,vgwAwmcBdDbnrhqk6tXO,metricbeat-000209,NA,doc,84,6.2.4,9,system,memory,,13.346,2.545,0.1602,13.346,14.448,16.891,2.443,0.1446,15.891,2.545,0.1602
17192,"December 18th 2018, 13:00:08.071",1,AokAwmcBX8H-MD0_3maZ,metricbeat-000209,NA,doc,85,6.2.4,10,system,memory,,13.104,2.787,0.1754,13.104,14.127,16.891,2.764,0.1636,15.891,2.787,0.1754
17114,"December 18th 2018, 13:02:37.600",1,HokAwmcBX8H-MD0_5HV8,metricbeat-000209,NA,doc,86,6.2.4,10,system,memory,,10.481,5.41,0.3405,10.481,12.444,18.766,6.322,0.3369,15.891,5.41,0.3405
17112,"December 18th 2018, 13:02:39.293",1,f-wAwmcBrehMbwjY5RSa,metricbeat-000209,NA,doc,87,6.2.4,10,system,memory,,13.423,2.468,0.1553,13.423,14.443,16.891,2.448,0.1449,15.891,2.468,0.1553
17044,"December 18th 2018, 13:04:50.154",1,7polwmcBX8H-MD0_Flev,metricbeat-000209,NA,doc,88,6.2.4,10,system,memory,,13.314,2.577,0.1622,13.314,14.443,16.891,2.448,0.1449,15.891,2.577,0.1622
17087,"December 18th 2018, 13:03:21.146",1,R1kgwmcBAOA7YPJGLfeZ,metricbeat-000209,NA,doc,89,6.2.4,10,system,memory,,13.38,2.511,0.158,13.38,14.46,16.891,2.431,0.1439,15.891,2.511,0.158
17064,"December 18th 2018, 13:03:56.165",1,nY4BwmcB6ZGVNHRkdDOM,metricbeat-000209,NA,doc,90,6.2.4,11,system,memory,143,13.503,2.388,0.1503,13.503,14.469,16.891,2.422,0.1434,15.891,2.388,0.1503
17119,"December 18th 2018, 13:02:20.807",1,nUoBwmcBAOA7YPJGOosJ,metricbeat-000209,NA,doc,91,6.2.4,11,system,memory,122,12.89,3.001,0.1889,12.89,15.777,18.766,2.989,0.1593,15.891,3.001,0.1889
17076,"December 18th 2018, 13:03:37.953",1,oJ0iwmcB6ZGVNHRkAkcd,metricbeat-000209,NA,doc,92,6.2.4,11,system,memory,109,13.378,2.513,0.1581,13.378,14.356,16.891,2.535,0.1501,15.891,2.513,0.1581
17166,"December 18th 2018, 13:00:55.592",1,n_oTwmcBrehMbwjYpdqu,metricbeat-000209,NA,doc,93,6.2.4,11,system,memory,,12.877,3.014,0.1897,12.877,13.951,16.891,2.94,0.1741,15.891,3.014,0.1897
17142,"December 18th 2018, 13:01:37.323",1,K-kAwmcBn_oGi6rswTfG,metricbeat-000209,NA,doc,95,6.2.4,11,system,memory,146,13.495,2.396,0.1508,13.495,16.398,18.766,2.368,0.1262,15.891,2.396,0.1508
17096,"December 18th 2018, 13:03:10.850",1,lpUfwmcBbOSZnM2xJmed,metricbeat-000209,NA,doc,96,6.2.4,11,system,memory,,13.324,2.567,0.1615,13.324,14.392,16.891,2.499,0.148,15.891,2.567,0.1615
17093,"December 18th 2018, 13:03:13.422",1,K-wBwmcBrehMbwjYWPX5,metricbeat-000209,NA,doc,97,6.2.4,11,system,memory,,13.319,2.572,0.1618,13.319,14.439,16.891,2.452,0.1452,15.891,2.572,0.1618
17053,"December 18th 2018, 13:04:21.905",1,koUBwmcBbOSZnM2xPegk,metricbeat-000209,NA,doc,98,6.2.4,11,system,memory,210,12.941,2.95,0.1857,12.941,14.089,16.891,2.802,0.1659,15.891,2.95,0.1857
17070,"December 18th 2018, 13:03:45.511",1,QR0jwmcBdDbnrhqkc0j0,metricbeat-000209,NA,doc,183,6.2.4,11,system,memory,,13.566,2.325,0.1463,13.566,14.527,16.891,2.364,0.14,15.891,2.325,0.1463
17161,"December 18th 2018, 13:01:07.286",1,3eYAwmcBxOZ1qs_p_OoO,metricbeat-000209,NA,doc,99,6.2.4,12,system,memory,,13.431,2.46,0.1548,13.431,14.436,16.891,2.455,0.1453,15.891,2.46,0.1548
17158,"December 18th 2018, 13:01:13.955",1,-1MAwmcBuqt-6aA3t83G,metricbeat-000209,NA,doc,100,6.2.4,12,system,memory,,13.536,2.355,0.1482,13.536,14.472,16.891,2.419,0.1432,15.891,2.355,0.1482
17175,"December 18th 2018, 13:00:37.187",1,nEkAwmcBAOA7YPJGn0xU,metricbeat-000209,NA,doc,101,6.2.4,12,system,memory,,13.472,2.42,0.1523,13.472,14.46,16.891,2.431,0.1439,15.891,2.42,0.1523
17047,"December 18th 2018, 13:04:44.375",1,qw4BwmcBdDbnrhqkvSSc,metricbeat-000209,NA,doc,102,6.2.4,12,system,memory,140,13.392,2.499,0.1573,13.392,14.469,16.891,2.422,0.1434,15.891,2.499,0.1573
17042,"December 18th 2018, 13:04:51.419",1,hh0lwmcBdDbnrhqkF9HN,metricbeat-000209,NA,doc,103,6.2.4,12,system,memory,218,12.599,3.292,0.2072,12.599,13.721,16.891,3.17,0.1877,15.891,3.292,0.2072
17081,"December 18th 2018, 13:03:32.807",1,oQ0BwmcBdDbnrhqkIBFi,metricbeat-000209,NA,doc,104,6.2.4,12,system,memory,,13.415,2.476,0.1558,13.415,14.488,16.891,2.403,0.1423,15.891,2.476,0.1558
17128,"December 18th 2018, 13:02:03.039",1,CkoBwmcBAOA7YPJGMGzj,metricbeat-000209,NA,doc,105,6.2.4,12,system,memory,,13.348,2.543,0.16,13.348,14.425,16.891,2.466,0.146,15.891,2.543,0.16
17085,"December 18th 2018, 13:03:25.793",1,_pkgwmcBX8H-MD0_zIL4,metricbeat-000209,NA,doc,106,6.2.4,13,system,memory,,12.727,3.164,0.1991,12.727,13.723,16.891,3.168,0.1876,15.891,3.164,0.1991
17177,"December 18th 2018, 13:00:30.486",1,X4UAwmcBbOSZnM2x50Qj,metricbeat-000209,NA,doc,107,6.2.4,13,system,memory,,13.474,2.417,0.1521,13.474,14.425,16.891,2.466,0.146,15.891,2.417,0.1521
17188,"December 18th 2018, 13:00:13.233",1,cYUAwmcBbOSZnM2x4DRN,metricbeat-000209,NA,doc,108,6.2.4,13,system,memory,,13.458,2.433,0.1531,13.458,14.467,16.891,2.424,0.1435,15.891,2.433,0.1531
17039,"December 18th 2018, 13:04:58.276",1,8-wmcBxOZ1qs_pwzAb,metricbeat-000209,NA,doc,109,6.2.4,13,system,memory,,12.66,3.231,0.2033,12.66,13.67,16.891,3.221,0.1907,15.891,3.231,0.2033
17074,"December 18th 2018, 13:03:42.563",1,zw0BwmcBdDbnrhqkbcuw,metricbeat-000209,NA,doc,110,6.2.4,13,system,memory,,13.555,2.336,0.147,13.555,16.462,18.766,2.304,0.1228,15.891,2.336,0.147
17108,"December 18th 2018, 13:02:44.269",1,9ukAwmcBn_oGi6rs5ovo,metricbeat-000209,NA,doc,111,6.2.4,13,system,memory,,13.331,2.56,0.1611,13.331,14.417,16.891,2.474,0.1465,15.891,2.56,0.1611
17113,"December 18th 2018, 13:02:38.574",1,uyEUwmcBN4R-DFd1H8kx,metricbeat-000209,NA,doc,113,6.2.4,13,system,memory,93,13.412,2.479,0.156,13.412,14.463,16.891,2.428,0.1438,15.891,2.479,0.156
17165,"December 18th 2018, 13:00:58.076",1,0IkAwmcBX8H-MD0_8piM,metricbeat-000209,NA,doc,114,6.2.4,13,system,memory,,12.442,3.449,0.217,12.442,13.497,16.891,3.394,0.2009,15.891,3.449,0.217
17132,"December 18th 2018, 13:01:57.671",1,o1QBwmcBuqt-6aA3L7Ex,metricbeat-000209,NA,doc,115,6.2.4,14,system,memory,,11.506,4.385,0.276,11.506,12.089,16.891,4.802,0.2843,15.891,4.385,0.276
17138,"December 18th 2018, 13:01:42.629",1,yoUBwmcBbOSZnM2xKa48,metricbeat-000209,NA,doc,116,6.2.4,14,system,memory,,13.388,2.503,0.1575,13.388,14.406,16.891,2.485,0.1471,15.891,2.503,0.1575
17065,"December 18th 2018, 13:03:53.849",1,6OwBwmcBrehMbwjYL4lG,metricbeat-000209,NA,doc,117,6.2.4,14,system,memory,,12.888,3.004,0.189,12.888,15.76,18.766,3.006,0.1602,15.891,3.004,0.189
17169,"December 18th 2018, 13:00:52.821",1,zogAwmcBX8H-MD0_quJk,metricbeat-000209,NA,doc,118,6.2.4,14,system,memory,,13.001,2.89,0.1818,13.001,15.893,18.766,2.873,0.1531,15.891,2.89,0.1818
17149,"December 18th 2018, 13:01:26.088",1,ClgTwmcBAOA7YPJGxNKK,metricbeat-000209,NA,doc,119,6.2.4,14,system,memory,,13.054,2.837,0.1786,13.054,14.14,16.891,2.751,0.1629,15.891,2.837,0.1786
17078,"December 18th 2018, 13:03:34.243",1,pxIBwmcBN4R-DFd1IZgk,metricbeat-000209,NA,doc,120,6.2.4,14,system,memory,,12.889,3.002,0.1889,12.889,13.939,16.891,2.952,0.1747,15.891,3.002,0.1889
17159,"December 18th 2018, 13:01:11.604",1,oUoAwmcBAOA7YPJG_it7,metricbeat-000209,NA,doc,121,6.2.4,14,system,memory,60,12.844,3.047,0.1917,12.844,13.946,16.891,2.945,0.1743,15.891,3.047,0.1917
17116,"December 18th 2018, 13:02:28.677",1,qRwUwmcBdDbnrhqkCylE,metricbeat-000209,NA,doc,122,6.2.4,14,system,memory,,12.881,3.01,0.1894,12.881,13.946,16.891,2.945,0.1743,15.891,3.01,0.1894
12875,"December 18th 2018, 15:16:55.846",1,P9FTwmcB6ZGVNHRkY8g4,metricbeat-000209,NA,doc,123,6.2.4,15,system,memory,,13.709,2.182,0.1373,13.709,14.841,16.891,2.05,0.1214,15.891,2.182,0.1373
17048,"December 18th 2018, 13:04:41.168",1,JGUlwmcBuqt-6aA3DRj7,metricbeat-000209,NA,doc,124,6.2.4,15,system,memory,108,13.568,2.323,0.1462,13.568,14.534,16.891,2.357,0.1396,15.891,2.323,0.1462
17182,"December 18th 2018, 13:00:23.366",1,dSATwmcBN4R-DFd1l_m2,metricbeat-000209,NA,doc,125,6.2.4,15,system,memory,,13.454,2.437,0.1534,13.454,14.516,16.891,2.375,0.1406,15.891,2.437,0.1534
17193,"December 18th 2018, 13:00:05.099",1,2oUAwmcBbOSZnM2x2Svy,metricbeat-000209,NA,doc,126,6.2.4,15,system,memory,,12.67,3.221,0.2027,12.67,13.61,16.891,3.281,0.1943,15.891,3.221,0.2027
17072,"December 18th 2018, 13:03:43.419",1,7fkjwmcBn_oGi6rsUOXo,metricbeat-000209,NA,doc,127,6.2.4,15,system,memory,,11.696,4.195,0.264,11.696,12.803,16.891,4.088,0.242,15.891,4.195,0.264
17099,"December 18th 2018, 13:02:58.034",1,ueYAwmcBxOZ1qs_p68mI,metricbeat-000209,NA,doc,128,6.2.4,16,system,memory,,13.363,2.528,0.1591,13.363,16.254,18.766,2.512,0.1339,15.891,2.528,0.1591
17084,"December 18th 2018, 13:03:28.221",1,J0oBwmcBAOA7YPJGaPVL,metricbeat-000209,NA,doc,130,6.2.4,16,system,memory,133,12.708,3.183,0.2003,12.708,13.717,16.891,3.174,0.1879,15.891,3.183,0.2003
17160,"December 18th 2018, 13:01:10.093",1,#NAME?,metricbeat-000209,NA,doc,131,6.2.4,16,system,memory,103,13.277,2.614,0.1645,13.277,14.264,16.891,2.627,0.1555,15.891,2.614,0.1645
17189,"December 18th 2018, 13:00:12.594",1,qWITwmcBuqt-6aA3kbX5,metricbeat-000209,NA,doc,132,6.2.4,16,system,memory,,13.411,2.48,0.1561,13.411,14.493,16.891,2.398,0.142,15.891,2.48,0.1561
16011,"December 18th 2018, 13:38:07.163",1,y2ESwmcBuqt-6aA3nxzk,metricbeat-000209,NA,doc,133,6.2.4,16,system,memory,,13.575,2.316,0.1458,13.575,14.816,16.891,2.075,0.1228,15.891,2.316,0.1458
17133,"December 18th 2018, 13:01:55.151",1,kusAwmcBrehMbwjYxtJH,metricbeat-000209,NA,doc,134,6.2.4,16,system,memory,,13.063,2.828,0.178,13.063,16.041,18.766,2.725,0.1452,15.891,2.828,0.178
17186,"December 18th 2018, 13:00:18.039",1,BYkAwmcBX8H-MD0_43JJ,metricbeat-000209,NA,doc,135,6.2.4,16,system,memory,,13.406,2.485,0.1564,13.406,14.486,16.891,2.405,0.1424,15.891,2.485,0.1564
17103,"December 18th 2018, 13:02:52.865",1,imMUwmcBuqt-6aA3Lrqq,metricbeat-000209,NA,doc,136,6.2.4,17,system,memory,,10.006,5.885,0.3704,10.006,9.011,16.891,7.88,0.4665,15.891,5.885,0.3704
17139,"December 18th 2018, 13:01:39.238",1,QIkBwmcBX8H-MD0_KN1q,metricbeat-000209,NA,doc,138,6.2.4,17,system,memory,,13.477,2.414,0.1519,13.477,14.464,16.891,2.427,0.1437,15.891,2.414,0.1519
17151,"December 18th 2018, 13:01:25.736",1,0ecBwmcBxOZ1qs_pHAWw,metricbeat-000209,NA,doc,139,6.2.4,17,system,memory,,13.138,2.753,0.1732,13.138,14.25,16.891,2.641,0.1563,15.891,2.753,0.1732
15756,"December 18th 2018, 13:46:20.871",1,i5gTwmcBX8H-MD0_syh3,metricbeat-000209,NA,doc,140,6.2.4,17,system,memory,,13.516,2.375,0.1495,13.516,14.836,16.891,2.055,0.1217,15.891,2.375,0.1495
17040,"December 18th 2018, 13:04:58.039",1,7UoBwmcBAOA7YPJGS73J,metricbeat-000209,NA,doc,141,6.2.4,17,system,memory,,13.316,2.575,0.162,13.316,14.394,16.891,2.497,0.1478,15.891,2.575,0.162
17111,"December 18th 2018, 13:02:40.649",1,vOYAwmcBxOZ1qs_p5bGw,metricbeat-000209,NA,doc,142,6.2.4,18,system,memory,,13.438,2.453,0.1544,13.438,14.45,16.891,2.441,0.1445,15.891,2.453,0.1544
17172,"December 18th 2018, 13:00:48.166",1,sGITwmcBuqt-6aA3ouba,metricbeat-000209,NA,doc,143,6.2.4,18,system,memory,,13.455,2.436,0.1533,13.455,14.458,16.891,2.433,0.144,15.891,2.436,0.1533
17122,"December 18th 2018, 13:02:13.554",1,BOoBwmcBn_oGi6rsOBus,metricbeat-000209,NA,doc,144,6.2.4,18,system,memory,,13.229,2.662,0.1675,13.229,16.122,18.766,2.644,0.1409,15.891,2.662,0.1675
17097,"December 18th 2018, 13:03:10.749",1,EEoAwmcBAOA7YPJG-B_o,metricbeat-000209,NA,doc,145,6.2.4,18,system,memory,,13.053,2.838,0.1786,13.053,15.961,18.766,2.805,0.1495,15.891,2.838,0.1786
17137,"December 18th 2018, 13:01:43.548",1,WJgTwmcBX8H-MD0_3GCh,metricbeat-000209,NA,doc,146,6.2.4,18,system,memory,,13.393,2.498,0.1572,13.393,14.444,16.891,2.447,0.1448,15.891,2.498,0.1572
17154,"December 18th 2018, 13:01:24.424",1,mUkAwmcBAOA7YPJGu4ly,metricbeat-000209,NA,doc,147,6.2.4,18,system,memory,166,13.463,2.428,0.1528,13.463,14.55,16.891,2.341,0.1386,15.891,2.428,0.1528
17155,"December 18th 2018, 13:01:23.849",1,55gTwmcBX8H-MD0_wTgJ,metricbeat-000209,NA,doc,148,6.2.4,18,system,memory,,13.354,2.537,0.1596,13.354,14.464,16.891,2.427,0.1437,15.891,2.537,0.1596
17187,"December 18th 2018, 13:00:15.874",1,H40AwmcB6ZGVNHRk4Qo_,metricbeat-000209,NA,doc,149,6.2.4,19,system,memory,,13.262,2.629,0.1654,13.262,14.278,16.891,2.613,0.1547,15.891,2.629,0.1654
17066,"December 18th 2018, 13:03:51.846",1,sfwkwmcBrehMbwjYV6AQ,metricbeat-000209,NA,doc,150,6.2.4,19,system,memory,,13.529,2.362,0.1486,13.529,14.482,16.891,2.409,0.1426,15.891,2.362,0.1486
17124,"December 18th 2018, 13:02:10.003",1,XAwAwmcBdDbnrhqkz5fQ,metricbeat-000209,NA,doc,151,6.2.4,19,system,memory,,13.552,2.339,0.1472,13.552,14.507,16.891,2.385,0.1412,15.891,2.339,0.1472
17046,"December 18th 2018, 13:04:45.903",1,e_clwmcBxOZ1qs_pE5KT,metricbeat-000209,NA,doc,152,6.2.4,19,system,memory,,13.376,2.515,0.1583,13.376,14.462,16.891,2.429,0.1438,15.891,2.515,0.1583
17162,"December 18th 2018, 13:01:06.126",1,Z4gAwmcBX8H-MD0_sveP,metricbeat-000209,NA,doc,153,6.2.4,19,system,memory,,13.546,2.345,0.1476,13.546,14.572,16.891,2.319,0.1373,15.891,2.345,0.1476
17120,"December 18th 2018, 13:02:20.719",1,YGMTwmcBuqt-6aA38ne5,metricbeat-000209,NA,doc,154,6.2.4,19,system,memory,,13.214,2.677,0.1684,13.214,16.201,18.766,2.565,0.1367,15.891,2.677,0.1684
17055,"December 18th 2018, 13:04:17.801",1,IlUBwmcBuqt-6aA3m5hR,metricbeat-000209,NA,doc,155,6.2.4,20,system,memory,,13.329,2.562,0.1612,13.329,14.315,16.891,2.576,0.1525,15.891,2.562,0.1612
17091,"December 18th 2018, 13:03:15.746",1,R5UfwmcBbOSZnM2xZ3na,metricbeat-000209,NA,doc,156,6.2.4,20,system,memory,,13.212,2.679,0.1686,13.212,14.207,16.891,2.684,0.1589,15.891,2.679,0.1686
17156,"December 18th 2018, 13:01:23.330",1,Y5sTwmcB6ZGVNHRkwOH0,metricbeat-000209,NA,doc,157,6.2.4,20,system,memory,,13.389,2.502,0.1574,13.389,14.368,16.891,2.523,0.1493,15.891,2.502,0.1574
17041,"December 18th 2018, 13:04:51.678",1,mx0lwmcBdDbnrhqkF9HN,metricbeat-000209,NA,doc,158,6.2.4,20,system,memory,,12.532,3.359,0.2113,12.532,15.511,18.766,3.255,0.1735,15.891,3.359,0.2113
17129,"December 18th 2018, 13:02:01.974",1,qvgTwmcBn_oGi6rs6Zx3,metricbeat-000209,NA,doc,159,6.2.4,20,system,memory,,13.359,2.532,0.1593,13.359,14.446,16.891,2.445,0.1448,15.891,2.532,0.1593
17131,"December 18th 2018, 13:01:59.577",1,0gwAwmcBdDbnrhqkyYUT,metricbeat-000209,NA,doc,160,6.2.4,20,system,memory,,13.404,2.487,0.1565,13.404,14.489,16.891,2.402,0.1422,15.891,2.487,0.1565
17038,"December 18th 2018, 13:04:58.954",1,qesBwmcBn_oGi6rswwog,metricbeat-000209,NA,doc,161,6.2.4,20,system,memory,,12.562,3.329,0.2095,12.562,15.554,18.766,3.212,0.1712,15.891,3.329,0.2095
17062,"December 18th 2018, 13:04:02.022",1,PhIBwmcBN4R-DFd1NMrT,metricbeat-000209,NA,doc,184,6.2.4,21,system,memory,171,13.636,2.255,0.1419,13.636,14.579,16.891,2.312,0.1369,15.891,2.255,0.1419
17079,"December 18th 2018, 13:03:33.455",1,oUoBwmcBAOA7YPJGIUgJ,metricbeat-000209,NA,doc,186,6.2.4,21,system,memory,148,10.297,5.594,0.352,10.297,10.243,16.891,6.648,0.3936,15.891,5.594,0.352
17127,"December 18th 2018, 13:02:03.199",1,mhIBwmcBN4R-DFd1MLzU,metricbeat-000209,NA,doc,187,6.2.4,21,system,memory,,13.541,2.35,0.1479,13.541,14.575,16.891,2.316,0.1371,15.891,2.35,0.1479
17144,"December 18th 2018, 13:01:32.165",1,QPgTwmcBn_oGi6rsyXEC,metricbeat-000209,NA,doc,189,6.2.4,21,system,memory,,13.545,2.346,0.1477,13.545,14.584,16.891,2.307,0.1366,15.891,2.346,0.1477
17147,"December 18th 2018, 13:01:27.072",1,oJsTwmcB6ZGVNHRkxut5,metricbeat-000209,NA,doc,190,6.2.4,21,system,memory,,12.911,2.98,0.1875,12.911,13.984,16.891,2.907,0.1721,15.891,2.98,0.1875
17152,"December 18th 2018, 13:01:25.545",1,mPgTwmcBn_oGi6rsxGKe,metricbeat-000209,NA,doc,191,6.2.4,21,system,memory,105,12.537,3.354,0.211,12.537,15.246,18.766,3.52,0.1876,15.891,3.354,0.211
17060,"December 18th 2018, 13:04:05.007",1,tUsBwmcBAOA7YPJGeCZr,metricbeat-000209,NA,doc,168,6.2.4,22,system,memory,,13.041,2.85,0.1793,13.041,14.061,16.891,2.83,0.1675,15.891,2.85,0.1793
17094,"December 18th 2018, 13:03:13.133",1,84kAwmcBX8H-MD0_-6Sd,metricbeat-000209,NA,doc,169,6.2.4,22,system,memory,,13.327,2.564,0.1614,13.327,14.304,16.891,2.587,0.1532,15.891,2.564,0.1614
17126,"December 18th 2018, 13:02:04.112",1,EmMTwmcBuqt-6aA362MW,metricbeat-000209,NA,doc,170,6.2.4,22,system,memory,,13.344,2.547,0.1603,13.344,14.362,16.891,2.529,0.1497,15.891,2.547,0.1603
17089,"December 18th 2018, 13:03:20.639",1,p-0BwmcBrehMbwjYXgaQ,metricbeat-000209,NA,doc,171,6.2.4,22,system,memory,,13.426,2.465,0.1551,13.426,14.519,16.891,2.372,0.1404,15.891,2.465,0.1551
17157,"December 18th 2018, 13:01:20.521",1,81gTwmcBAOA7YPJGvcCU,metricbeat-000209,NA,doc,172,6.2.4,22,system,memory,140,11.42,4.471,0.2813,11.42,12.528,16.891,4.363,0.2583,15.891,4.471,0.2813
17135,"December 18th 2018, 13:01:53.460",1,jukAwmcBn_oGi6rsxksI,metricbeat-000209,NA,doc,173,6.2.4,22,system,memory,170,13.335,2.556,0.1609,13.335,14.406,16.891,2.485,0.1471,15.891,2.556,0.1609
17083,"December 18th 2018, 13:03:28.972",1,hooBwmcBX8H-MD0_aHVQ,metricbeat-000209,NA,doc,174,6.2.4,22,system,memory,,11.818,4.073,0.2563,11.818,12.93,16.891,3.961,0.2345,15.891,4.073,0.2563
17050,"December 18th 2018, 13:04:34.089",1,U-cBwmcBxOZ1qs_pQWA1,metricbeat-000209,NA,doc,175,6.2.4,22,system,memory,,13.519,2.372,0.1493,13.519,14.575,16.891,2.316,0.1371,15.891,2.372,0.1493
17071,"December 18th 2018, 13:03:45.116",1,JekBwmcBn_oGi6rsKvLA,metricbeat-000209,NA,doc,185,6.2.4,22,system,memory,,13.004,2.887,0.1817,13.004,13.997,16.891,2.894,0.1714,15.891,2.887,0.1817
17088,"December 18th 2018, 13:03:20.909",1,KxMBwmcBN4R-DFd1X0UU,metricbeat-000209,NA,doc,176,6.2.4,23,system,memory,,12.764,3.127,0.1968,12.764,13.788,16.891,3.103,0.1837,15.891,3.127,0.1968
17130,"December 18th 2018, 13:02:00.183",1,yAwAwmcBdDbnrhqkzI4p,metricbeat-000209,NA,doc,177,6.2.4,23,system,memory,,13.023,2.868,0.1805,13.023,14.082,16.891,2.809,0.1663,15.891,2.868,0.1805
17148,"December 18th 2018, 13:01:26.266",1,0JgTwmcBX8H-MD0_xD-d,metricbeat-000209,NA,doc,178,6.2.4,23,system,memory,,13.332,2.559,0.161,13.332,14.339,16.891,2.552,0.1511,15.891,2.559,0.161
17184,"December 18th 2018, 13:00:21.690",1,quYAwmcBxOZ1qs_pmwWl,metricbeat-000209,NA,doc,179,6.2.4,23,system,memory,,1.164,2.726,0.7007,1.164,4.049,7.779,3.731,0.4796,3.891,2.726,0.7007
17174,"December 18th 2018, 13:00:40.594",1,BZsTwmcB6ZGVNHRknqDr,metricbeat-000209,NA,doc,180,6.2.4,23,system,memory,148,12.999,2.892,0.182,12.999,14.116,16.891,2.775,0.1643,15.891,2.892,0.182
17075,"December 18th 2018, 13:03:38.193",1,_B0iwmcBdDbnrhqkGS8t,metricbeat-000209,NA,doc,181,6.2.4,23,system,memory,,13.189,2.702,0.17,13.189,14.233,16.891,2.658,0.1573,15.891,2.702,0.17
17051,"December 18th 2018, 13:04:27.877",1,1o0BwmcB6ZGVNHRkPq_q,metricbeat-000209,NA,doc,182,6.2.4,23,system,memory,,13.123,2.768,0.1742,13.123,14.178,16.891,2.713,0.1606,15.891,2.768,0.1742
